Module's Name;Load duration(ms);Unload duration(ms);Step done;Cumulate duration(s);Average duration(ms);Min duration(ms);Max duration(ms);Average Frequency;Average real time ratio;
ACQUISITION;95.0632;15.9333;218;0.0937851;0.430207;0.1066;1.2148;58.7091;120.16
MODELHANDLER;260.191;73.9693;218;2.79218;12.8082;0.1335;22.6061;60.2188;3.89757
RECORD;48.78;2.4963;218;0.0291107;0.133535;0.0635;0.2802;58.7029;397.309
SCENARIO;274.27;105.39;219;0.0911726;0.416313;0.1027;5.3632;60.3611;129.024
SENSORS;618.397;57.9815;218;0.388012;1.77987;0.0985;3.0137;58.7029;28.8834
SUT_AEB;111.702;15.9102;218;0.0416583;0.191093;0.1155;0.3693;58.7068;269.078
WALKERTRAFFIC;157.481;15.9169;218;0.0505761;0.232;0.1456;0.3943;58.7054;221.483
