Module's Name;Load duration(ms);Unload duration(ms);Step done;Cumulate duration(s);Average duration(ms);Min duration(ms);Max duration(ms);Average Frequency;Average real time ratio;
ACQUISITION;106.019;17.2374;300;0.214959;0.71653;0.1582;2.3089;55.8541;76.498
MODELHANDLER;288.821;75.7892;300;3.99511;13.317;0.0769;19.8082;57.3389;3.75686
RECORD;42.6816;0.4667;300;0.0366899;0.1223;0.0599;0.2896;55.8225;444.687
SCENARIO;297.202;107.842;301;0.12041;0.400034;0.1101;3.7008;57.512;131.152
SENSORS;725.688;52.8299;300;0.591131;1.97044;0.0476;5.1661;55.8458;27.3584
SUT_AEB;129.105;17.2068;300;0.0535308;0.178436;0.0865;0.3752;55.8482;297.747
WALKERTRAFFIC;185.285;17.2088;300;0.0656712;0.218904;0.0774;0.4129;55.8475;234.844
