Module's Name;Load duration(ms);Unload duration(ms);Step done;Cumulate duration(s);Average duration(ms);Min duration(ms);Max duration(ms);Average Frequency;Average real time ratio;
ACQUISITION;107.929;29.9391;300;0.221959;0.739862;0.0681;2.1011;54.7393;75.6938
MODELHANDLER;319.354;86.797;300;4.11458;13.7153;0.084;17.8469;56.562;3.64839
RECORD;66.1131;4.4438;300;0.0375243;0.125081;0.062;0.3171;54.706;432.13
SCENARIO;308.171;119.128;301;0.124753;0.414463;0.0878;2.6897;56.707;126.382
SENSORS;773.939;60.8603;300;0.561121;1.8704;0.0811;3.783;54.7334;28.4277
SUT_AEB;133.644;29.9261;300;0.0543213;0.181071;0.0911;0.4867;54.738;290.451
WALKERTRAFFIC;182.516;29.9316;300;0.065471;0.218237;0.0792;0.3993;54.7358;234.547
