Module's Name;Load duration(ms);Unload duration(ms);Step done;Cumulate duration(s);Average duration(ms);Min duration(ms);Max duration(ms);Average Frequency;Average real time ratio;
ACQUISITION;102.466;24.1293;300;0.210229;0.700763;0.0987;1.8672;55.5614;77.5162
MODELHANDLER;288.935;85.6774;300;4.01335;13.3778;0.0846;18.3984;57.1414;3.73796
RECORD;44.0153;2.3083;300;0.037983;0.12661;0.0652;0.3267;55.5196;428.402
SCENARIO;308.607;106.542;301;0.123834;0.411408;0.0856;3.2006;57.2919;127.74
SENSORS;769.971;40.7911;300;0.595936;1.98645;0.0861;5.9368;55.5583;27.1093
SUT_AEB;130.796;24.1271;300;0.0534996;0.178332;0.0794;0.4596;55.5596;297.22
WALKERTRAFFIC;176.09;65.708;300;0.0647333;0.215778;0.1128;0.4002;55.5599;236.228
