Module's Name;Load duration(ms);Unload duration(ms);Step done;Cumulate duration(s);Average duration(ms);Min duration(ms);Max duration(ms);Average Frequency;Average real time ratio;
ACQUISITION;110.367;16.8969;300;0.221573;0.738576;0.0871;2.184;55.7011;75.498
MODELHANDLER;296.172;74.7399;300;4.02072;13.4024;0.0851;20.1839;57.4855;3.73465
RECORD;49.8384;2.4157;300;0.0376033;0.125344;0.0571;0.3233;55.658;433.708
SCENARIO;294.206;88.8761;301;0.123159;0.409167;0.1348;3.8899;57.6002;129.73
SENSORS;719.128;71.755;300;0.55937;1.86457;0.08;3.5667;55.6834;28.2976
SUT_AEB;132.646;16.8947;300;0.053834;0.179447;0.0838;0.3981;55.688;292.443
WALKERTRAFFIC;191.468;44.8458;300;0.0673128;0.224376;0.082;0.6047;55.6861;229.206
