Module's Name;Load duration(ms);Unload duration(ms);Step done;Cumulate duration(s);Average duration(ms);Min duration(ms);Max duration(ms);Average Frequency;Average real time ratio;
ACQUISITION;100.952;30.9299;300;0.220639;0.735463;0.0947;2.1717;55.4175;75.8895
MODELHANDLER;299.427;85.7789;300;4.01981;13.3994;0.0713;20.8222;57.0423;3.73325
RECORD;47.0972;6.1202;300;0.0384148;0.128049;0.0644;0.3363;55.3752;421.084
SCENARIO;304.187;90.7078;301;0.123577;0.410555;0.0751;2.9839;57.2846;128.474
SENSORS;716.055;133.629;300;0.590211;1.96737;0.0401;5.0419;55.4046;27.4413
SUT_AEB;132.652;25.0857;300;0.0542202;0.180734;0.0888;0.4238;55.4108;291.289
WALKERTRAFFIC;182.504;45.9052;300;0.0661678;0.220559;0.0738;0.4392;55.4085;233.187
