Module's Name;Load duration(ms);Unload duration(ms);Step done;Cumulate duration(s);Average duration(ms);Min duration(ms);Max duration(ms);Average Frequency;Average real time ratio;
ACQUISITION;102.787;19.9577;300;0.218334;0.727781;0.0826;2.4828;54.5293;76.2766
MODELHANDLER;304.25;76.8045;300;4.12435;13.7478;0.0783;22.4464;56.3696;3.6457
RECORD;44.9677;2.4046;300;0.037102;0.123673;0.062;0.3356;54.5298;436.729
SCENARIO;319.139;115.097;301;0.124404;0.413302;0.0858;3.1979;56.5273;127.989
SENSORS;740.986;27.9407;300;0.582071;1.94024;0.0874;4.9829;54.5223;27.9513
SUT_AEB;135.61;14.3576;300;0.0539015;0.179672;0.0779;0.4064;54.5294;297.297
WALKERTRAFFIC;185.482;27.9385;300;0.0658188;0.219396;0.0744;0.4433;54.5266;234.382
