Module's Name;Load duration(ms);Unload duration(ms);Step done;Cumulate duration(s);Average duration(ms);Min duration(ms);Max duration(ms);Average Frequency;Average real time ratio;
ACQUISITION;263.139;7.00092;218;0.083833;0.384555;0.149012;0.739098;37.8802;131.727
MODELHANDLER;375.472;13.9499;218;5.11668;23.471;0.187159;39.5641;38.4864;2.15718
RECORD;32.1782;3.35789;218;0.0393627;0.180563;0.0908375;4.17805;37.8777;318.563
SCENARIO;325.796;37.457;219;0.0660925;0.301792;0.231981;1.49703;38.4908;171.968
SENSORS;6841.09;65.6319;218;0.347402;1.59359;0.163078;7.30419;37.8819;33.9586
SUT_AEB;131.694;10.453;218;0.0349858;0.160485;0.0929832;0.58794;37.8808;326.659
WALKERTRAFFIC;405.848;10.4198;218;0.0347459;0.159385;0.129938;0.251055;37.8813;319.998
