Module's Name;Load duration(ms);Unload duration(ms);Step done;Cumulate duration(s);Average duration(ms);Min duration(ms);Max duration(ms);Average Frequency;Average real time ratio;
ACQUISITION;101.637;11.9696;218;0.0977668;0.448472;0.132;2.1174;58.2598;117.163
MODELHANDLER;265.229;73.8022;218;2.78317;12.7668;0.1304;23.786;59.5509;3.91013
RECORD;41.8011;3.9761;218;0.030084;0.138;0.0772;0.2974;58.2421;383.86
SCENARIO;285.278;77.5206;219;0.0900964;0.411399;0.1261;3.7711;59.7092;128.155
SENSORS;579.454;22.98;218;0.42198;1.93569;0.1228;5.6949;58.2555;27.2928
SUT_AEB;117.632;11.9601;218;0.0417427;0.19148;0.1084;0.3484;58.2607;268.395
WALKERTRAFFIC;167.539;32.991;218;0.0504961;0.231633;0.127;0.4263;58.2594;222.048
