Module's Name;Load duration(ms);Unload duration(ms);Step done;Cumulate duration(s);Average duration(ms);Min duration(ms);Max duration(ms);Average Frequency;Average real time ratio;
ACQUISITION;96.3276;15.9707;222;0.0931145;0.419435;0.1463;1.0367;58.9282;121.622
MODELHANDLER;261.896;69.7741;222;2.81265;12.6696;0.1451;23.9788;60.4626;3.94192
RECORD;46.4591;2.3958;222;0.031595;0.14232;0.0643;0.3549;58.9277;382.768
SCENARIO;273.28;88.2821;223;0.0952314;0.427047;0.14;3.3275;60.605;124.073
SENSORS;583.102;83.8081;222;0.403287;1.81661;0.0975;3.2793;58.927;28.3479
SUT_AEB;117.651;15.9719;222;0.0433416;0.195232;0.0932;0.451;58.9273;265.735
WALKERTRAFFIC;155.572;45.8777;222;0.0526292;0.237068;0.1032;0.4152;58.9278;215.399
