Module's Name;Load duration(ms);Unload duration(ms);Step done;Cumulate duration(s);Average duration(ms);Min duration(ms);Max duration(ms);Average Frequency;Average real time ratio;
ACQUISITION;93.3026;27.8887;300;0.130686;0.435622;0.15;1.8824;58.0723;120.287
MODELHANDLER;267.878;85.8008;300;3.91565;13.0522;0.0907;25.7853;59.399;3.84181
RECORD;44.4363;2.3532;300;0.0406508;0.135503;0.0616;0.3177;58.0586;396.072
SCENARIO;280.27;102.002;301;0.125858;0.418132;0.0907;3.1743;59.5615;125.842
SENSORS;645.268;76.8389;300;0.532824;1.77608;0.0878;5.0112;58.0669;30.8166
SUT_AEB;121.042;27.8936;300;0.054085;0.180283;0.0874;0.4502;58.0698;290.892
WALKERTRAFFIC;154.589;58.892;300;0.0674721;0.224907;0.122;0.466;58.0693;227.956
