Module's Name;Load duration(ms);Unload duration(ms);Step done;Cumulate duration(s);Average duration(ms);Min duration(ms);Max duration(ms);Average Frequency;Average real time ratio;
ACQUISITION;98.9938;18.9096;300;0.210217;0.700724;0.0904;2.0852;56.248;78.2098
MODELHANDLER;302.301;75.7759;300;4.0105;13.3683;0.0991;20.429;57.6953;3.74588
RECORD;48.9765;2.4139;300;0.0368189;0.12273;0.062;0.3121;56.2081;443.799
SCENARIO;299.197;110.101;301;0.123294;0.409614;0.1313;3.0794;57.8489;128.364
SENSORS;776.889;103.667;300;0.535987;1.78662;0.1046;3.0673;56.2271;29.9524
SUT_AEB;125.662;18.9052;300;0.0516427;0.172142;0.0761;0.3965;56.2302;314.379
WALKERTRAFFIC;193.481;18.9057;300;0.0658477;0.219492;0.0973;0.4299;56.2302;234.094
