Module's Name;Load duration(ms);Unload duration(ms);Step done;Cumulate duration(s);Average duration(ms);Min duration(ms);Max duration(ms);Average Frequency;Average real time ratio;
ACQUISITION;121.483;17.4033;218;0.160593;0.736664;0.0766;1.9837;54.9703;75.5478
MODELHANDLER;310.982;79.7943;218;2.96875;13.6181;0.0419;18.7279;57.1724;3.672
RECORD;51.6832;5.4032;218;0.0281147;0.128967;0.0626;0.3324;54.9338;416.98
SCENARIO;305.147;75.9065;219;0.0889322;0.406083;0.0921;3.3337;57.8147;131.244
SENSORS;742.07;64.8565;218;0.410286;1.88204;0.0547;2.92;54.9643;27.3324
SUT_AEB;139.025;22.9657;218;0.0406942;0.186671;0.1167;0.3427;54.9736;278.367
WALKERTRAFFIC;197.501;33.9353;218;0.0470042;0.215616;0.0542;0.4215;54.9701;236.222
