Module's Name;Load duration(ms);Unload duration(ms);Step done;Cumulate duration(s);Average duration(ms);Min duration(ms);Max duration(ms);Average Frequency;Average real time ratio;
ACQUISITION;96.8446;20.909;300;0.132165;0.44055;0.1333;2.2608;58.7044;119
MODELHANDLER;264.419;82.7569;300;3.87825;12.9275;0.109;16.933;60.2461;3.86416
RECORD;44.0021;1.0256;300;0.0426059;0.14202;0.065;0.3093;58.6827;373.799
SCENARIO;276.271;104.664;301;0.128737;0.427698;0.0856;2.8809;60.3476;122.554
SENSORS;628.523;73.7793;300;0.486822;1.62274;0.093;2.6511;58.6943;33.025
SUT_AEB;119.557;20.9126;300;0.0545406;0.181802;0.1077;0.4687;58.6979;289.217
WALKERTRAFFIC;166.541;62.8365;300;0.0700249;0.233416;0.0872;0.5009;58.6981;220.518
