Module's Name;Load duration(ms);Unload duration(ms);Step done;Cumulate duration(s);Average duration(ms);Min duration(ms);Max duration(ms);Average Frequency;Average real time ratio;
ACQUISITION;110.552;26.9535;300;0.22118;0.737267;0.0857;2.1242;54.6947;75.6941
MODELHANDLER;306.185;86.8029;300;4.1339;13.7797;0.0859;26.2484;56.3954;3.64305
RECORD;45.7031;0.3856;300;0.0374119;0.124706;0.0573;0.3785;54.6786;433.092
SCENARIO;306.176;112.503;301;0.123755;0.411146;0.0835;2.5993;56.7093;126.928
SENSORS;757.964;60.8827;300;0.559944;1.86648;0.0816;3.5473;54.686;28.297
SUT_AEB;131.65;35.9271;300;0.0538375;0.179458;0.0892;0.36;54.692;293.506
WALKERTRAFFIC;196.455;70.8177;300;0.0656077;0.218692;0.0798;0.4671;54.6903;236.026
