Module's Name;Load duration(ms);Unload duration(ms);Step done;Cumulate duration(s);Average duration(ms);Min duration(ms);Max duration(ms);Average Frequency;Average real time ratio;
ACQUISITION;100.159;28.8758;300;0.217696;0.725653;0.1019;2.4513;55.103;76.0797
MODELHANDLER;297.604;86.7388;300;4.05488;13.5163;0.0383;21.8482;56.6301;3.70394
RECORD;48.271;2.4693;300;0.0393631;0.13121;0.0656;0.3385;55.0686;411.217
SCENARIO;298.199;95.8773;301;0.127483;0.423533;0.0799;2.6542;56.8653;125.845
SENSORS;734.048;4.84036e+07;300;0.575083;1.91694;0.1218;3.739;55.1025;27.5069
SUT_AEB;135.629;37.8682;300;0.054887;0.182957;0.0886;0.3634;55.1095;284.73
WALKERTRAFFIC;201.458;52.8393;300;0.0671022;0.223674;0.0948;0.4312;55.1073;230.305
