Module's Name;Load duration(ms);Unload duration(ms);Step done;Cumulate duration(s);Average duration(ms);Min duration(ms);Max duration(ms);Average Frequency;Average real time ratio;
ACQUISITION;100.842;23.9239;300;0.221639;0.738796;0.083;2.4391;55.0994;75.3071
MODELHANDLER;290.343;81.7556;300;4.07714;13.5905;0.0825;17.5794;56.5847;3.67983
RECORD;50.9822;5.3709;300;0.0387312;0.129104;0.0637;0.35;55.0803;425.529
SCENARIO;305.18;101.751;301;0.123168;0.409197;0.0886;2.9277;56.8419;128.14
SENSORS;722.112;84.7408;300;0.557946;1.85982;0.1021;3.5768;55.1007;28.3829
SUT_AEB;127.666;18.2992;300;0.0547135;0.182378;0.0874;0.4057;55.1035;289.788
WALKERTRAFFIC;199.458;58.8098;300;0.0659789;0.21993;0.1127;0.4539;55.1039;233.892
