Module's Name;Load duration(ms);Unload duration(ms);Step done;Cumulate duration(s);Average duration(ms);Min duration(ms);Max duration(ms);Average Frequency;Average real time ratio;
ACQUISITION;108.958;16.2335;300;0.203388;0.67796;0.0584;2.1432;54.3588;79.5283
MODELHANDLER;301.963;78.7775;300;4.19135;13.9712;0.0429;25.5446;56.4285;3.60768
RECORD;43.1311;2.274;300;0.0359132;0.119711;0.0531;0.3654;54.3456;456.634
SCENARIO;306.682;100.597;301;0.123272;0.409543;0.0406;2.8442;56.7745;128.985
SENSORS;717.895;91.734;300;0.580199;1.934;0.0461;5.0975;54.3552;28.2241
SUT_AEB;128.907;16.2294;300;0.0522053;0.174018;0.0762;0.3843;54.3609;304.457
WALKERTRAFFIC;181.019;56.834;300;0.0646003;0.215334;0.042;0.4153;54.3595;238.749
