Module's Name;Load duration(ms);Unload duration(ms);Step done;Cumulate duration(s);Average duration(ms);Min duration(ms);Max duration(ms);Average Frequency;Average real time ratio;
ACQUISITION;98.8821;27.1402;300;0.217564;0.725214;0.0728;2.4679;55.2277;76.7234
MODELHANDLER;298.348;87.7633;300;4.09406;13.6469;0.0798;20.1799;57.3246;3.66565
RECORD;45.4871;6.1891;300;0.0370877;0.123626;0.0496;0.2966;55.1897;440.073
SCENARIO;309.166;106.959;301;0.123631;0.410735;0.0759;2.9357;57.5703;127.767
SENSORS;732.073;102.691;300;0.543136;1.81045;0.0384;3.5345;55.2062;29.5339
SUT_AEB;133.633;32.8586;300;0.0536442;0.178814;0.0758;0.363;55.2102;297.743
WALKERTRAFFIC;183.051;63.7696;300;0.0645448;0.215149;0.0437;0.6367;55.2089;239.006
