Module's Name;Load duration(ms);Unload duration(ms);Step done;Cumulate duration(s);Average duration(ms);Min duration(ms);Max duration(ms);Average Frequency;Average real time ratio;
ACQUISITION;99.4045;22.2031;300;0.133185;0.443951;0.1512;1.2423;58.7658;117.961
MODELHANDLER;261.575;82.8263;300;3.80879;12.696;0.1499;23.6982;59.3637;3.93936
RECORD;43.1818;3.6037;300;0.0434925;0.144975;0.0668;0.3913;58.7659;373.834
SCENARIO;278.254;103.004;301;0.129467;0.430122;0.1916;2.9225;59.48;121.846
SENSORS;605.439;70.8548;300;0.548931;1.82977;0.1445;4.8109;58.7623;30.1974
SUT_AEB;119.713;22.1976;300;0.0549374;0.183125;0.0893;0.4024;58.7654;287.821
WALKERTRAFFIC;157.579;61.7777;300;0.0711716;0.237239;0.1487;0.4289;58.7634;217.39
