Module's Name;Load duration(ms);Unload duration(ms);Step done;Cumulate duration(s);Average duration(ms);Min duration(ms);Max duration(ms);Average Frequency;Average real time ratio;
ACQUISITION;105.572;31.8964;300;0.220029;0.733431;0.0404;2.16;54.6151;74.8147
MODELHANDLER;296.895;87.7829;300;4.10791;13.693;0.0399;18.1898;56.1984;3.65426
RECORD;43.5598;2.381;300;0.0392041;0.13068;0.0612;0.3802;54.5951;417.165
SCENARIO;311.178;114.984;301;0.125162;0.41582;0.0448;2.7881;56.4373;127.066
SENSORS;763.986;54.8529;300;0.569435;1.89812;0.1431;3.6893;54.6019;27.8197
SUT_AEB;133.523;31.8932;300;0.0568826;0.189609;0.0876;0.5426;54.6073;278.72
WALKERTRAFFIC;175.518;71.8034;300;0.0663839;0.22128;0.0806;0.4518;54.604;231.994
