Module's Name;Load duration(ms);Unload duration(ms);Step done;Cumulate duration(s);Average duration(ms);Min duration(ms);Max duration(ms);Average Frequency;Average real time ratio;
ACQUISITION;98.3234;34.9589;300;0.130061;0.433537;0.1562;1.7982;58.4934;119.793
MODELHANDLER;251.219;91.9475;300;3.89482;12.9827;0.15;28.7864;59.3236;3.86231
RECORD;46.9236;2.3916;300;0.0417919;0.139306;0.0607;0.482;58.49;390.606
SCENARIO;272.288;122.74;301;0.13113;0.435648;0.1293;3.1624;59.4046;121.158
SENSORS;619.498;128.702;300;0.502699;1.67566;0.1194;3.6182;58.4883;31.7244
SUT_AEB;113.697;39.9198;300;0.054375;0.18125;0.0834;0.3514;58.4886;289.789
WALKERTRAFFIC;156.576;76.904;300;0.0685142;0.228381;0.1465;0.3852;58.4898;224.2
