Module's Name;Load duration(ms);Unload duration(ms);Step done;Cumulate duration(s);Average duration(ms);Min duration(ms);Max duration(ms);Average Frequency;Average real time ratio;
ACQUISITION;103.573;22.9434;300;0.221895;0.739651;0.0373;2.2927;55.4839;75.4675
MODELHANDLER;304.812;81.7853;300;4.01227;13.3742;0.0431;17.5907;57.567;3.73669
RECORD;47.509;2.3339;300;0.0379096;0.126365;0.0478;0.339;55.4373;423.223
SCENARIO;299.196;97.2411;301;0.123082;0.408911;0.086;3.097;57.8109;127.96
SENSORS;731.093;134.636;300;0.588136;1.96045;0.0539;4.9687;55.4596;27.6979
SUT_AEB;131.587;30.9248;300;0.0536556;0.178852;0.0729;0.398;55.4649;296.747
WALKERTRAFFIC;185.141;54.8782;300;0.066371;0.221237;0.046;0.4953;55.4625;232.313
