Module's Name;Load duration(ms);Unload duration(ms);Step done;Cumulate duration(s);Average duration(ms);Min duration(ms);Max duration(ms);Average Frequency;Average real time ratio;
ACQUISITION;99.8368;16.2161;300;0.135363;0.451208;0.1265;2.315;58.4467;118.278
MODELHANDLER;266.446;75.7951;300;3.87812;12.9271;0.1648;24.1968;58.9623;3.86637
RECORD;40.0062;3.3516;300;0.0413389;0.137796;0.0694;0.5479;58.4485;390.863
SCENARIO;283.284;78.4694;301;0.121191;0.402629;0.1665;3.6223;59.12;129.812
SENSORS;573.594;37.7925;300;0.524249;1.7475;0.2151;5.1949;58.4504;31.3406
SUT_AEB;114.69;21.8665;300;0.0558297;0.186099;0.085;0.4084;58.4473;284.458
WALKERTRAFFIC;160.568;32.8655;300;0.0688858;0.229619;0.1448;0.4176;58.4497;223.058
