Module's Name;Load duration(ms);Unload duration(ms);Step done;Cumulate duration(s);Average duration(ms);Min duration(ms);Max duration(ms);Average Frequency;Average real time ratio;
ACQUISITION;96.3983;21.9481;300;0.129898;0.432994;0.135;1.2331;58.7314;119.325
MODELHANDLER;276.703;76.8014;300;3.8574;12.858;0.1363;27.7213;59.5624;3.88992
RECORD;46.308;0.582;300;0.0416864;0.138955;0.0759;0.3484;58.7277;386.491
SCENARIO;291.25;77.2958;301;0.122414;0.406691;0.1791;3.272;59.6907;128.976
SENSORS;593.406;55.8536;300;0.525212;1.75071;0.114;5.6268;58.7336;30.9558
SUT_AEB;116.665;21.9456;300;0.0539949;0.179983;0.0849;0.4139;58.7341;295.207
WALKERTRAFFIC;153.582;32.9681;300;0.0693897;0.231299;0.1363;0.5435;58.7355;222.815
