Module's Name;Load duration(ms);Unload duration(ms);Step done;Cumulate duration(s);Average duration(ms);Min duration(ms);Max duration(ms);Average Frequency;Average real time ratio;
ACQUISITION;95.0835;22.3569;300;0.132933;0.443108;0.1146;1.7062;58.9133;118.427
MODELHANDLER;274.505;82.8154;300;3.85072;12.8357;0.1167;15.5771;59.9591;3.88901
RECORD;42.0747;6.2099;300;0.0423396;0.141132;0.0711;0.3647;58.8973;385.764
SCENARIO;287.269;123.815;301;0.127503;0.423599;0.1227;2.8918;60.0623;123.588
SENSORS;616.474;89.7469;300;0.489456;1.63152;0.1211;2.6303;58.908;32.1425
SUT_AEB;127.515;22.3517;300;0.0563163;0.187721;0.0875;0.4779;58.9081;283.861
WALKERTRAFFIC;168.555;32.9306;300;0.071413;0.238043;0.1363;0.4311;58.9081;216.452
