Module's Name;Load duration(ms);Unload duration(ms);Step done;Cumulate duration(s);Average duration(ms);Min duration(ms);Max duration(ms);Average Frequency;Average real time ratio;
ACQUISITION;101.257;15.9737;300;0.126634;0.422113;0.1683;1.9162;58.9336;121.965
MODELHANDLER;264.821;76.8424;300;3.85846;12.8615;0.1646;27.6716;59.5079;3.89123
RECORD;49.4018;4.0473;300;0.0421852;0.140617;0.0636;0.4578;58.9416;387.639
SCENARIO;282.28;76.1576;301;0.133096;0.44218;0.1763;3.7608;59.5822;120.261
SENSORS;580.512;85.9937;300;0.493855;1.64618;0.1653;3.1393;58.9352;32.5599
SUT_AEB;113.718;21.8846;300;0.0537536;0.179179;0.0868;0.4924;58.9345;294.868
WALKERTRAFFIC;181.044;33.8758;300;0.0699454;0.233151;0.1525;0.4748;58.9365;220.837
