Module's Name;Load duration(ms);Unload duration(ms);Step done;Cumulate duration(s);Average duration(ms);Min duration(ms);Max duration(ms);Average Frequency;Average real time ratio;
ACQUISITION;99.6785;22.9519;300;0.132124;0.440412;0.0985;1.7435;58.463;119.527
MODELHANDLER;292.806;78.9273;300;3.87772;12.9257;0.1036;19.2661;60.2037;3.86283
RECORD;42.4895;2.4332;300;0.0401666;0.133889;0.0592;0.3097;58.4393;397.074
SCENARIO;312.164;95.4542;301;0.122514;0.407022;0.075;3.7603;60.4141;128.78
SENSORS;752.921;126.896;300;0.524056;1.74685;0.0941;5.3177;58.457;31.0946
SUT_AEB;131.652;22.9467;300;0.0556211;0.185404;0.075;0.4218;58.4614;284.556
WALKERTRAFFIC;182.509;53.9231;300;0.0692316;0.230772;0.0898;0.4862;58.4609;223.078
