Module's Name;Load duration(ms);Unload duration(ms);Step done;Cumulate duration(s);Average duration(ms);Min duration(ms);Max duration(ms);Average Frequency;Average real time ratio;
ACQUISITION;116.072;22.3357;300;0.210644;0.702146;0.0725;1.9947;54.6454;77.3563
MODELHANDLER;297.432;83.7725;300;4.13789;13.793;0.0764;24.0669;56.4233;3.64171
RECORD;48.1038;2.3907;300;0.038122;0.127073;0.0626;0.2713;54.6196;425.762
SCENARIO;317.114;101.076;301;0.128029;0.425347;0.0772;3.3977;56.6602;125.092
SENSORS;716.108;51.8328;300;0.56559;1.8853;0.101;3.9812;54.6428;27.9767
SUT_AEB;131.643;27.8993;300;0.0545114;0.181705;0.0769;0.373;54.6486;290.819
WALKERTRAFFIC;192.936;58.811;300;0.0656511;0.218837;0.0908;0.5567;54.646;235.995
