Module's Name;Load duration(ms);Unload duration(ms);Step done;Cumulate duration(s);Average duration(ms);Min duration(ms);Max duration(ms);Average Frequency;Average real time ratio;
ACQUISITION;128.503;9.19294;218;0.0835102;0.383074;0.09799;0.561953;37.7537;131.944
MODELHANDLER;230.012;15.002;218;5.16102;23.6744;0.117064;38.9211;40.5987;2.14407
RECORD;30.432;2.3241;218;0.0356677;0.163613;0.0870228;0.416994;37.7537;316.894
SCENARIO;174.103;39.9339;219;0.0663881;0.303142;0.101089;1.41597;40.8732;170.266
SENSORS;528.95;105.373;218;0.336629;1.54417;0.0939369;3.87383;37.7533;34.4967
SUT_AEB;123.535;12.634;218;0.0320599;0.147064;0.0920296;0.524998;37.7522;347.835
WALKERTRAFFIC;263.444;12.6309;218;0.0338197;0.155136;0.101089;0.308037;37.7532;326.627
