Module's Name;Load duration(ms);Unload duration(ms);Step done;Cumulate duration(s);Average duration(ms);Min duration(ms);Max duration(ms);Average Frequency;Average real time ratio;
ACQUISITION;102.242;23.9317;300;0.208212;0.694038;0.0982;2.1649;56.0897;78.5674
MODELHANDLER;303.774;79.797;300;4.02624;13.4208;0.0769;22.7347;57.6124;3.73277
RECORD;43.4835;2.4436;300;0.0373544;0.124515;0.067;0.3432;56.0441;432.827
SCENARIO;302.22;96.7323;301;0.120951;0.40183;0.0848;2.7706;57.8261;130.162
SENSORS;717.111;86.7507;300;0.546763;1.82254;0.0945;3.4788;56.0741;29.1943
SUT_AEB;129.636;23.9233;300;0.0521586;0.173862;0.0774;0.3917;56.0772;304.189
WALKERTRAFFIC;190.485;53.856;300;0.0648608;0.216203;0.0759;0.4577;56.0767;236.561
