Module's Name;Load duration(ms);Unload duration(ms);Step done;Cumulate duration(s);Average duration(ms);Min duration(ms);Max duration(ms);Average Frequency;Average real time ratio;
ACQUISITION;100.322;26.2764;300;0.206581;0.688603;0.0441;1.9163;55.1794;77.8244
MODELHANDLER;301.785;88.7512;300;4.06948;13.5649;0.1187;18.1965;57.208;3.68746
RECORD;48.4926;4.2962;300;0.0380911;0.12697;0.0639;0.3012;55.145;427.365
SCENARIO;315.151;84.4805;301;0.122476;0.406896;0.1025;2.7975;57.3304;128.711
SENSORS;749.997;4.84176e+07;300;0.571156;1.90385;0.0774;4.0643;55.172;27.9104
SUT_AEB;143.352;31.9032;300;0.0545596;0.181865;0.084;0.3904;55.176;287.752
WALKERTRAFFIC;173.502;43.8662;300;0.0660736;0.220245;0.0773;0.4291;55.1753;232.951
