Module's Name;Load duration(ms);Unload duration(ms);Step done;Cumulate duration(s);Average duration(ms);Min duration(ms);Max duration(ms);Average Frequency;Average real time ratio;
ACQUISITION;105.001;24.9361;300;0.133847;0.446156;0.0821;1.5674;59.1332;118.141
MODELHANDLER;270.602;82.9187;300;3.83421;12.7807;0.1083;15.7954;60.9978;3.9063
RECORD;45.1634;5.5799;300;0.0425473;0.141824;0.069;0.3557;59.0942;374.629
SCENARIO;279.294;115.279;301;0.128132;0.425688;0.1258;2.7663;61.0232;122.952
SENSORS;558.827;109.845;300;0.487067;1.62356;0.0677;3.0624;59.1172;32.8468
SUT_AEB;111.698;24.9303;300;0.0567111;0.189037;0.0784;0.4299;59.1235;276.734
WALKERTRAFFIC;157.576;24.9338;300;0.070826;0.236087;0.0672;0.4403;59.1208;217.425
