Module's Name;Load duration(ms);Unload duration(ms);Step done;Cumulate duration(s);Average duration(ms);Min duration(ms);Max duration(ms);Average Frequency;Average real time ratio;
ACQUISITION;111.73;25.9096;300;0.217233;0.72411;0.1225;1.7995;54.6832;75.508
MODELHANDLER;292.686;82.7483;300;4.07945;13.5982;0.1121;18.9743;56.3516;3.68
RECORD;46.4037;4.4556;300;0.038919;0.12973;0.068;0.3273;54.6688;413.212
SCENARIO;299.197;108.383;301;0.128906;0.428259;0.0913;3.8105;56.5129;125.261
SENSORS;724.362;57.8628;300;0.594108;1.98036;0.0733;5.0039;54.6875;27.3359
SUT_AEB;136.209;25.9106;300;0.0551962;0.183987;0.082;0.3545;54.6928;286.078
WALKERTRAFFIC;190.737;65.8252;300;0.0675603;0.225201;0.1177;0.6008;54.692;229.07
