Module's Name;Load duration(ms);Unload duration(ms);Step done;Cumulate duration(s);Average duration(ms);Min duration(ms);Max duration(ms);Average Frequency;Average real time ratio;
ACQUISITION;89.1232;17.8842;222;0.103323;0.465418;0.2062;2.1203;58.0759;114.801
MODELHANDLER;279.609;72.8085;222;2.82853;12.7411;0.1611;25.892;58.829;3.92344
RECORD;40.2372;2.3848;222;0.0302484;0.136254;0.0682;0.3093;58.0931;390.07
SCENARIO;285.237;84.2468;223;0.0942452;0.422624;0.1695;4.5186;58.9689;126.562
SENSORS;575.782;124.943;222;0.435628;1.96229;0.1504;5.7106;58.0816;26.816
SUT_AEB;125.628;17.8882;222;0.0442492;0.199321;0.1064;0.4312;58.0782;262.792
WALKERTRAFFIC;147.59;38.9996;222;0.0532415;0.239827;0.1406;0.416;58.0806;214.067
