Module's Name;Load duration(ms);Unload duration(ms);Step done;Cumulate duration(s);Average duration(ms);Min duration(ms);Max duration(ms);Average Frequency;Average real time ratio;
ACQUISITION;99.556;13.9612;218;0.153933;0.706117;0.0878;1.945;56.2918;77.3434
MODELHANDLER;297.618;70.8271;218;2.87154;13.1722;0.1633;16.6789;58.4088;3.78775
RECORD;43.3042;2.3936;218;0.0276916;0.127026;0.0683;0.3502;56.241;421.673
SCENARIO;295.211;105.361;219;0.0871489;0.39794;0.1394;3.0621;58.4663;132.195
SENSORS;702.047;74.8329;218;0.418726;1.92076;0.0704;3.3727;56.2622;26.7729
SUT_AEB;134.628;13.954;218;0.0404915;0.185741;0.1012;0.4303;56.2696;280.88
WALKERTRAFFIC;188.434;13.9582;218;0.048082;0.22056;0.1142;0.4291;56.2665;232.956
