Module's Name;Load duration(ms);Unload duration(ms);Step done;Cumulate duration(s);Average duration(ms);Min duration(ms);Max duration(ms);Average Frequency;Average real time ratio;
ACQUISITION;107.826;23.9302;300;0.20879;0.695968;0.0372;2.0518;55.5029;78.1413
MODELHANDLER;293.547;82.8124;300;4.0521;13.507;0.0874;18.2007;57.3187;3.70524
RECORD;53.1974;2.3819;300;0.036744;0.12248;0.0498;0.3271;55.4716;439.962
SCENARIO;310.16;118.818;301;0.123569;0.410529;0.113;2.7505;57.455;128.311
SENSORS;737.041;126.672;300;0.566171;1.88724;0.1086;3.984;55.4913;27.6061
SUT_AEB;140.624;32.9206;300;0.0535753;0.178584;0.0793;0.4845;55.4952;296.563
WALKERTRAFFIC;178.525;32.9178;300;0.0646113;0.215371;0.0958;0.474;55.494;238.1
