Module's Name;Load duration(ms);Unload duration(ms);Step done;Cumulate duration(s);Average duration(ms);Min duration(ms);Max duration(ms);Average Frequency;Average real time ratio;
ACQUISITION;111.338;18.975;300;0.216938;0.723128;0.0651;2.4677;54.6164;76.9159
MODELHANDLER;305.335;77.8179;300;4.16719;13.8906;0.041;24.2983;56.341;3.62279
RECORD;47.0368;0.6674;300;0.0374706;0.124902;0.063;0.3626;54.5697;436.348
SCENARIO;322.138;98.6947;301;0.125376;0.416531;0.0408;3.5233;56.74;126.707
SENSORS;742.039;99.7971;300;0.553364;1.84455;0.0813;4.059;54.5992;28.6787
SUT_AEB;138.633;15.6471;300;0.0534826;0.178275;0.0902;0.3605;54.5988;294.571
WALKERTRAFFIC;190.505;56.9706;300;0.0652268;0.217423;0.0463;0.4507;54.5992;237.041
