Module's Name;Load duration(ms);Unload duration(ms);Step done;Cumulate duration(s);Average duration(ms);Min duration(ms);Max duration(ms);Average Frequency;Average real time ratio;
ACQUISITION;98.3865;14.9188;218;0.0940877;0.431595;0.1369;1.6585;58.4871;120.71
MODELHANDLER;262.303;71.8056;218;2.7936;12.8147;0.109;25.4042;60.0004;3.90802
RECORD;44.871;2.5833;218;0.0291604;0.133763;0.0723;0.3551;58.4954;394.443
SCENARIO;279.592;101.047;219;0.0873525;0.39887;0.1505;3.2577;60.2003;131.155
SENSORS;569.499;40.9458;218;0.413635;1.89741;0.1075;5.1276;58.496;28.1117
SUT_AEB;124.008;20.9625;218;0.0412052;0.189015;0.0908;0.4307;58.494;274.303
WALKERTRAFFIC;170.526;58.8915;218;0.0491409;0.225417;0.1015;0.3835;58.4942;226.569
