Module's Name;Load duration(ms);Unload duration(ms);Step done;Cumulate duration(s);Average duration(ms);Min duration(ms);Max duration(ms);Average Frequency;Average real time ratio;
ACQUISITION;113.022;19.743;300;0.21447;0.7149;0.0376;2.3465;55.0114;76.8374
MODELHANDLER;346.359;76.8105;300;4.13561;13.7854;0.0639;23.7284;57.0954;3.65483
RECORD;49.2397;1.474;300;0.0344647;0.114882;0.0579;0.3671;54.9899;484.423
SCENARIO;383.996;85.3731;301;0.12261;0.407343;0.0737;2.8245;57.3834;129.92
SENSORS;1035.26;102.699;300;0.577568;1.92523;0.0493;5.2299;55.0054;28.163
SUT_AEB;157.41;26.9288;300;0.0498038;0.166013;0.0679;0.3557;55.009;317.724
WALKERTRAFFIC;205.458;42.8924;300;0.0620133;0.206711;0.0505;0.4163;55.0073;249.115
