Module's Name;Load duration(ms);Unload duration(ms);Step done;Cumulate duration(s);Average duration(ms);Min duration(ms);Max duration(ms);Average Frequency;Average real time ratio;
ACQUISITION;147.415;20.9657;218;0.164278;0.753571;0.1467;2.0871;54.4038;73.5738
MODELHANDLER;341.004;75.7811;218;2.97091;13.628;0.0956;18.9433;56.2813;3.67446
RECORD;39.6988;2.6605;218;0.0281427;0.129095;0.0624;0.475;54.3629;423.781
SCENARIO;1013.29;98.4782;219;0.0913408;0.417081;0.1477;3.2771;56.4317;127.479
SENSORS;1465.93;59.8205;218;0.449088;2.06004;0.1279;4.7611;54.3832;25.7292
SUT_AEB;141.619;14.6412;218;0.04048;0.185688;0.1116;0.504;54.3865;281.685
WALKERTRAFFIC;265.3;56.8903;218;0.0475108;0.217939;0.1349;0.4251;54.3841;235.07
