Module's Name;Load duration(ms);Unload duration(ms);Step done;Cumulate duration(s);Average duration(ms);Min duration(ms);Max duration(ms);Average Frequency;Average real time ratio;
ACQUISITION;97.6853;21.9112;300;0.213385;0.711284;0.0953;2.0196;53.4675;76.9739
MODELHANDLER;308.11;81.7591;300;4.28158;14.2719;0.0645;24.0942;55.1205;3.53825
RECORD;46.1207;2.4964;300;0.0355236;0.118412;0.0606;0.2782;53.4253;460.247
SCENARIO;308.18;103.361;301;0.125741;0.417745;0.1203;3.137;55.241;127.038
SENSORS;720.079;103.663;300;0.574342;1.91447;0.0709;3.7241;53.4496;27.3166
SUT_AEB;140.304;18.4219;300;0.0533913;0.177971;0.0754;0.5187;53.4544;299.367
WALKERTRAFFIC;176.23;58.7886;300;0.0640903;0.213634;0.1217;0.3955;53.4511;242.014
