Module's Name;Load duration(ms);Unload duration(ms);Step done;Cumulate duration(s);Average duration(ms);Min duration(ms);Max duration(ms);Average Frequency;Average real time ratio;
ACQUISITION;100.051;25.9657;218;0.0932129;0.427582;0.1366;2.1115;58.5302;121.279
MODELHANDLER;252.651;80.9705;218;2.78188;12.7609;0.154;22.1206;59.1056;3.90984
RECORD;43.2113;4.4416;218;0.0292523;0.134185;0.077;0.437;58.5337;396.108
SCENARIO;281.29;90.7597;219;0.0887566;0.405281;0.1704;3.0964;59.1773;129.296
SENSORS;625.387;136.714;218;0.410447;1.88279;0.1477;5.4918;58.5311;28.1302
SUT_AEB;120.667;25.9672;218;0.0418998;0.192201;0.1234;0.4674;58.5274;269.89
WALKERTRAFFIC;164.87;45.9784;218;0.0504022;0.231203;0.1425;0.4939;58.5286;223.134
