Module's Name;Load duration(ms);Unload duration(ms);Step done;Cumulate duration(s);Average duration(ms);Min duration(ms);Max duration(ms);Average Frequency;Average real time ratio;
ACQUISITION;100.823;20.9222;218;0.155355;0.712636;0.0934;2.0774;55.2423;76.5383
MODELHANDLER;297.297;78.7877;218;2.9563;13.561;0.0477;23.9942;57.4819;3.69579
RECORD;40.9941;7.0059;218;0.0276533;0.12685;0.0623;0.3035;55.1843;432.943
SCENARIO;300.192;85.9787;219;0.0880081;0.401863;0.1178;3.2396;57.697;131.953
SENSORS;739.123;67.8047;218;0.417094;1.91327;0.091;3.4469;55.2251;26.9337
SUT_AEB;129.647;20.9173;218;0.0402176;0.184484;0.1102;0.4699;55.2344;282.018
WALKERTRAFFIC;181.486;40.8706;218;0.0471326;0.216205;0.0746;0.4275;55.2323;236.769
