Module's Name;Load duration(ms);Unload duration(ms);Step done;Cumulate duration(s);Average duration(ms);Min duration(ms);Max duration(ms);Average Frequency;Average real time ratio;
ACQUISITION;103.724;29.907;300;0.131622;0.43874;0.1072;1.1896;58.5794;118.25
MODELHANDLER;271.671;88.8848;300;3.86923;12.8974;0.1212;26.2616;59.5182;3.87629
RECORD;48.2595;4.4376;300;0.0420125;0.140042;0.0729;0.3529;58.5808;384.703
SCENARIO;281.262;114.581;301;0.126014;0.41865;0.1259;2.8345;59.6507;124.328
SENSORS;558.549;60.9611;300;0.514006;1.71335;0.1578;5.7416;58.5768;31.9218
SUT_AEB;122.668;35.8862;300;0.0544403;0.181468;0.0874;0.3622;58.579;293.184
WALKERTRAFFIC;171.924;72.9327;300;0.0702442;0.234147;0.1496;0.4849;58.5795;219.212
