Module's Name;Load duration(ms);Unload duration(ms);Step done;Cumulate duration(s);Average duration(ms);Min duration(ms);Max duration(ms);Average Frequency;Average real time ratio;
ACQUISITION;124.064;16.1928;300;0.216701;0.722335;0.1417;2.2274;54.8421;76.4093
MODELHANDLER;337.326;78.7878;300;4.11444;13.7148;0.1071;21.6464;56.2588;3.65936
RECORD;65.0889;2.2597;300;0.0374682;0.124894;0.0636;0.2741;54.7981;436.176
SCENARIO;341.917;99.0134;301;0.127823;0.424662;0.0805;3.877;56.4038;125.678
SENSORS;794.151;46.9446;300;0.56263;1.87543;0.1248;3.9659;54.8187;27.8648
SUT_AEB;155.151;16.1887;300;0.0552651;0.184217;0.0916;0.5077;54.8257;285.474
WALKERTRAFFIC;211.552;56.8453;300;0.0651873;0.217291;0.0989;0.7056;54.8226;237.434
