Module's Name;Load duration(ms);Unload duration(ms);Step done;Cumulate duration(s);Average duration(ms);Min duration(ms);Max duration(ms);Average Frequency;Average real time ratio;
ACQUISITION;126.143;26.9258;218;0.163208;0.748663;0.0822;2.0952;55.0034;74.0843
MODELHANDLER;313.396;85.7813;218;2.94813;13.5235;0.0878;16.9367;57.4637;3.69504
RECORD;51.1038;4.3501;218;0.0282603;0.129634;0.0495;0.2932;54.9479;418.587
SCENARIO;315.148;81.5977;219;0.0884917;0.404072;0.0794;2.6014;57.7118;129.982
SENSORS;746.24;77.8134;218;0.424568;1.94756;0.0782;3.8014;54.9767;26.8324
SUT_AEB;131.654;26.923;218;0.0409894;0.188025;0.0909;0.4234;54.9828;277.219
WALKERTRAFFIC;200.456;38.8918;218;0.0472955;0.216952;0.0418;0.4043;54.9803;236.34
