Module's Name;Load duration(ms);Unload duration(ms);Step done;Cumulate duration(s);Average duration(ms);Min duration(ms);Max duration(ms);Average Frequency;Average real time ratio;
ACQUISITION;100.937;23.8084;300;0.126418;0.421395;0.1483;1.1996;58.5366;121.426
MODELHANDLER;269.506;79.6384;300;3.88006;12.9335;0.1424;26.1284;59.1613;3.86602
RECORD;44.0926;2.3078;300;0.0407265;0.135755;0.0745;0.3082;58.545;392.374
SCENARIO;279.263;94.0479;301;0.124146;0.412446;0.1945;3.2353;59.2841;126.721
SENSORS;560.746;37.765;300;0.521038;1.73679;0.208;5.2501;58.538;31.6466
SUT_AEB;118.69;23.7912;300;0.0538119;0.179373;0.0895;0.4088;58.5379;291.673
WALKERTRAFFIC;171.473;49.7473;300;0.0699247;0.233082;0.1436;0.4102;58.5391;220.188
