Module's Name;Load duration(ms);Unload duration(ms);Step done;Cumulate duration(s);Average duration(ms);Min duration(ms);Max duration(ms);Average Frequency;Average real time ratio;
ACQUISITION;89.0802;25.8568;218;0.096892;0.444459;0.1136;1.1808;59.0708;117.273
MODELHANDLER;262.621;84.7223;218;2.73422;12.5423;0.1235;22.2011;60.5086;3.9805
RECORD;43.235;6.5906;218;0.0296781;0.136138;0.0665;0.3516;59.0755;390.556
SCENARIO;276.291;100.761;219;0.0923059;0.421488;0.1056;3.0787;60.683;124.315
SENSORS;564.843;92.7628;218;0.407668;1.87003;0.1376;3.1044;59.074;27.4416
SUT_AEB;117.677;33.8572;218;0.043329;0.198757;0.1199;0.4879;59.0731;262.335
WALKERTRAFFIC;169.488;57.7844;218;0.0522347;0.239609;0.1223;0.475;59.0751;215.476
