Module's Name;Load duration(ms);Unload duration(ms);Step done;Cumulate duration(s);Average duration(ms);Min duration(ms);Max duration(ms);Average Frequency;Average real time ratio;
ACQUISITION;103.138;28.8963;300;0.212859;0.709531;0.0419;1.9106;55.0863;76.9032
MODELHANDLER;302.591;89.7757;300;4.10814;13.6938;0.0769;18.751;57.0475;3.65634
RECORD;47.2811;3.4311;300;0.0366241;0.12208;0.063;0.2968;55.0497;441.238
SCENARIO;307.176;92.0565;301;0.126695;0.420914;0.1055;3.5404;57.2963;125.833
SENSORS;768.394;75.7893;300;0.546891;1.82297;0.0459;3.504;55.0697;29.0798
SUT_AEB;139.44;28.8932;300;0.0528799;0.176266;0.0598;0.3354;55.0765;300.299
WALKERTRAFFIC;177.526;46.8597;300;0.065426;0.218087;0.0379;0.4391;55.074;236.316
