Module's Name;Load duration(ms);Unload duration(ms);Step done;Cumulate duration(s);Average duration(ms);Min duration(ms);Max duration(ms);Average Frequency;Average real time ratio;
ACQUISITION;107.189;21.951;300;0.209478;0.69826;0.088;2.0708;54.6697;79.7109
MODELHANDLER;294.707;82.7566;300;4.19687;13.9896;0.0925;26.4429;56.3642;3.61419
RECORD;49.3848;4.5265;300;0.0359849;0.11995;0.0632;0.3488;54.6452;458.165
SCENARIO;301.192;107.351;301;0.123082;0.40891;0.0792;3.7562;56.5688;129.189
SENSORS;813.859;131.662;300;0.548052;1.82684;0.0762;3.6124;54.6608;29.0264
SUT_AEB;129.657;30.8931;300;0.0520624;0.173541;0.0847;0.4987;54.6688;307.604
WALKERTRAFFIC;191.477;65.8075;300;0.0640438;0.213479;0.0873;0.4016;54.6669;241.86
