Module's Name;Load duration(ms);Unload duration(ms);Step done;Cumulate duration(s);Average duration(ms);Min duration(ms);Max duration(ms);Average Frequency;Average real time ratio;
ACQUISITION;115.057;17.2562;218;0.161675;0.741631;0.0483;1.8987;55.1094;74.8611
MODELHANDLER;304.779;81.7488;218;2.95269;13.5445;0.085;21.7297;57.3975;3.69279
RECORD;49.003;2.3751;218;0.027969;0.128298;0.066;0.3347;55.0611;426.572
SCENARIO;311.151;115.695;219;0.0878444;0.401116;0.0847;2.9846;57.6869;131.887
SENSORS;732.04;59.7547;218;0.418612;1.92024;0.1662;3.7429;55.0979;26.8737
SUT_AEB;138.606;22.8455;218;0.0399415;0.183218;0.1026;0.393;55.1038;283.595
WALKERTRAFFIC;188.569;22.8462;218;0.0473479;0.217192;0.0826;0.4077;55.1025;235.362
