Module's Name;Load duration(ms);Unload duration(ms);Step done;Cumulate duration(s);Average duration(ms);Min duration(ms);Max duration(ms);Average Frequency;Average real time ratio;
ACQUISITION;101.747;22.8043;300;0.215321;0.717736;0.0595;2.0524;55.0221;75.7863
MODELHANDLER;294.867;84.6409;300;4.10347;13.6782;0.0443;22.0435;56.7113;3.66326
RECORD;47.5418;4.2388;300;0.0380687;0.126896;0.0638;0.3243;54.9885;428.599
SCENARIO;301.19;4.84726e+07;301;0.123836;0.411415;0.0524;3.1283;56.8981;128.19
SENSORS;723.078;81.7442;300;0.555947;1.85316;0.0696;3.7949;55.0156;28.3484
SUT_AEB;129.639;28.8165;300;0.0542612;0.180871;0.0735;0.3638;55.0213;291.4
WALKERTRAFFIC;177.507;44.7364;300;0.0656379;0.218793;0.1218;0.436;55.0202;234.813
