Module's Name;Load duration(ms);Unload duration(ms);Step done;Cumulate duration(s);Average duration(ms);Min duration(ms);Max duration(ms);Average Frequency;Average real time ratio;
ACQUISITION;92.7353;23.0803;300;0.134225;0.447416;0.1234;1.5518;58.2077;117.692
MODELHANDLER;274.25;82.065;300;3.89071;12.969;0.1132;18.8983;59.7363;3.8535
RECORD;40.6568;3.9638;300;0.0403668;0.134556;0.069;0.3524;58.1779;400.271
SCENARIO;286.278;91.248;301;0.122552;0.407149;0.0813;3.697;60.0444;128.128
SENSORS;640.356;102.015;300;0.531968;1.77323;0.1102;5.2845;58.1917;30.7862
SUT_AEB;116.823;27.0448;300;0.0558191;0.186064;0.0941;0.3906;58.1962;283.782
WALKERTRAFFIC;162.571;48.1536;300;0.0693798;0.231266;0.068;0.4568;58.1943;222.537
