Module's Name;Load duration(ms);Unload duration(ms);Step done;Cumulate duration(s);Average duration(ms);Min duration(ms);Max duration(ms);Average Frequency;Average real time ratio;
ACQUISITION;114.43;17.2;300;0.212389;0.707962;0.0904;1.9392;55.7188;77.5652
MODELHANDLER;301.081;76.7836;300;4.0152;13.384;0.0861;23.8963;57.4663;3.73891
RECORD;49.5085;6.2463;300;0.038512;0.128373;0.064;0.3868;55.6905;419.413
SCENARIO;319.139;89.9197;301;0.124991;0.415254;0.0855;3.5218;57.6458;127.23
SENSORS;719.123;52.8361;300;0.578017;1.92672;0.0682;5.1152;55.694;28.1876
SUT_AEB;122.234;17.1964;300;0.0519413;0.173138;0.0891;0.3335;55.6985;304.375
WALKERTRAFFIC;180.272;47.8491;300;0.0651891;0.217297;0.0767;0.465;55.6963;236.204
