Module's Name;Load duration(ms);Unload duration(ms);Step done;Cumulate duration(s);Average duration(ms);Min duration(ms);Max duration(ms);Average Frequency;Average real time ratio;
ACQUISITION;114.404;27.9052;300;0.206297;0.687656;0.1085;1.8398;55.858;78.6662
MODELHANDLER;286.838;83.7932;300;3.98869;13.2956;0.1053;21.1933;57.4751;3.77055
RECORD;49.4666;2.4597;300;0.0374724;0.124908;0.0607;0.2956;55.8093;433.286
SCENARIO;293.888;125.555;301;0.125007;0.415305;0.1408;3.3832;57.5908;127.367
SENSORS;759.517;56.8569;300;0.597778;1.99259;0.0471;5.6456;55.8569;27.3905
SUT_AEB;132.644;22.377;300;0.0526485;0.175495;0.0776;0.3493;55.8586;301.209
WALKERTRAFFIC;177.251;34.905;300;0.0667338;0.222446;0.1385;0.4294;55.8592;231.221
