Module's Name;Load duration(ms);Unload duration(ms);Step done;Cumulate duration(s);Average duration(ms);Min duration(ms);Max duration(ms);Average Frequency;Average real time ratio;
ACQUISITION;96.5244;33.8609;222;0.0983039;0.44281;0.2082;2.1784;58.0672;118.995
MODELHANDLER;267.808;95.7065;222;2.87593;12.9546;0.2129;26.9992;58.8169;3.86961
RECORD;39.362;5.2591;222;0.030589;0.137788;0.0653;0.3351;58.0825;389.538
SCENARIO;274.307;102.454;223;0.09305;0.417265;0.2082;2.9675;58.9475;126.199
SENSORS;567.978;47.8707;222;0.402416;1.81269;0.1614;3.2266;58.0682;28.3362
SUT_AEB;120.135;28.1641;222;0.043242;0.194784;0.0756;0.3857;58.0659;269.362
WALKERTRAFFIC;157.566;57.7941;222;0.0526981;0.237379;0.1275;0.4334;58.0651;216.971
