Module's Name;Load duration(ms);Unload duration(ms);Step done;Cumulate duration(s);Average duration(ms);Min duration(ms);Max duration(ms);Average Frequency;Average real time ratio;
ACQUISITION;110.644;23.9547;300;0.216992;0.723306;0.0977;1.7937;54.6835;76.1594
MODELHANDLER;299.407;82.78;300;4.12683;13.7561;0.0813;25.7981;56.3515;3.65061
RECORD;45.151;4.3648;300;0.0371142;0.123714;0.0637;0.3466;54.6598;435.407
SCENARIO;310.036;99.8666;301;0.123267;0.409524;0.0831;2.9186;56.5148;128.025
SENSORS;723.051;40.8828;300;0.570383;1.90128;0.1094;3.7477;54.6806;27.8686
SUT_AEB;133.466;28.9154;300;0.0550282;0.183427;0.0759;0.4151;54.6841;290.243
WALKERTRAFFIC;184.051;55.8406;300;0.0653918;0.217973;0.0846;0.4745;54.683;235.478
