Module's Name;Load duration(ms);Unload duration(ms);Step done;Cumulate duration(s);Average duration(ms);Min duration(ms);Max duration(ms);Average Frequency;Average real time ratio;
ACQUISITION;94.0171;24.9528;300;0.135526;0.451754;0.1131;1.9778;58.7926;116.333
MODELHANDLER;252.545;83.7947;300;3.85062;12.8354;0.0962;25.7504;59.7296;3.89557
RECORD;45.1104;4.4084;300;0.0430214;0.143405;0.0642;0.3078;58.7996;373.516
SCENARIO;279.276;106.868;301;0.124799;0.414615;0.1021;3.1826;59.8751;125.754
SENSORS;618.47;74.907;300;0.504682;1.68227;0.1493;2.7767;58.7943;31.6847
SUT_AEB;120.416;24.9423;300;0.0557208;0.185736;0.0892;0.4513;58.7953;283.453
WALKERTRAFFIC;143.61;63.8958;300;0.069943;0.233143;0.1516;0.3821;58.7961;219.322
