Module's Name;Load duration(ms);Unload duration(ms);Step done;Cumulate duration(s);Average duration(ms);Min duration(ms);Max duration(ms);Average Frequency;Average real time ratio;
ACQUISITION;100.232;24.9632;300;0.129176;0.430586;0.0761;1.2434;58.2161;119.962
MODELHANDLER;281.773;80.9118;300;3.88521;12.9507;0.0559;16.179;59.78;3.85541
RECORD;40.3937;4.4447;300;0.0414728;0.138243;0.0635;0.3481;58.1897;389.546
SCENARIO;285.265;107.531;301;0.126127;0.419027;0.0808;3.4909;59.9651;125.509
SENSORS;635.791;113.702;300;0.531261;1.77087;0.0969;5.0995;58.2087;30.8452
SUT_AEB;125.648;24.9654;300;0.0546768;0.182256;0.0799;0.3969;58.212;289.849
WALKERTRAFFIC;164.552;64.8866;300;0.0711578;0.237193;0.116;0.6074;58.2116;217.145
