Module's Name;Load duration(ms);Unload duration(ms);Step done;Cumulate duration(s);Average duration(ms);Min duration(ms);Max duration(ms);Average Frequency;Average real time ratio;
ACQUISITION;93.5425;19.8204;226;0.102727;0.454545;0.1166;1.8361;58.3641;117.111
MODELHANDLER;277.84;78.6797;226;2.90883;12.8709;0.165;23.6272;59.5025;3.88189
RECORD;41.481;3.9878;226;0.0306247;0.135508;0.0672;0.3126;58.3723;396.8
SCENARIO;282.277;117.833;227;0.0926682;0.40823;0.1457;3.275;59.6078;128.993
SENSORS;590.05;57.8105;226;0.404978;1.79194;0.1279;3.0453;58.3618;28.6941
SUT_AEB;123.663;25.819;226;0.0432582;0.191408;0.1057;0.453;58.3624;273.068
WALKERTRAFFIC;163.535;25.821;226;0.0522048;0.230995;0.1227;0.4276;58.363;222.7
