Module's Name;Load duration(ms);Unload duration(ms);Step done;Cumulate duration(s);Average duration(ms);Min duration(ms);Max duration(ms);Average Frequency;Average real time ratio;
ACQUISITION;98.2027;30.4005;300;0.216905;0.723016;0.0775;2.0522;54.8792;75.9124
MODELHANDLER;292.529;88.2583;300;4.08266;13.6089;0.0805;22.3113;56.6496;3.67949
RECORD;42.5454;6.248;300;0.0386475;0.128825;0.0624;0.3794;54.8535;420.87
SCENARIO;292.209;130.426;301;0.12893;0.428341;0.054;3.1215;56.8622;123.283
SENSORS;764.596;72.308;300;0.574296;1.91432;0.0793;3.7762;54.8768;27.4176
SUT_AEB;130.665;27.1599;300;0.055368;0.18456;0.0822;0.4214;54.8819;282.853
WALKERTRAFFIC;170.533;38.4036;300;0.065603;0.218677;0.0445;0.4157;54.8801;233.618
